Timestamp,Event Type,Message,Barcode,Details
09/23/2026 09:01:53 AM,security_error,Settings save rejected because the current passcode was invalid.,,
09/23/2026 09:01:53 AM,security_error,Settings save rejected because the current passcode was invalid.,,
09/23/2026 09:02:04 AM,security_error,Settings save rejected because the current passcode was invalid.,,
09/23/2026 09:02:31 AM,security_error,Settings save rejected because the current passcode was invalid.,,
09/23/2026 09:05:55 AM,settings_saved,System settings were saved.,,
09/23/2026 09:05:55 AM,security_error,Settings save rejected because the current passcode was invalid.,,
09/23/2026 09:05:56 AM,settings_saved,System settings were saved.,,
09/23/2026 09:06:28 AM,settings_saved,System settings were saved.,,
09/23/2026 09:06:28 AM,security_error,Settings save rejected because the current passcode was invalid.,,
09/23/2026 09:06:28 AM,settings_saved,System settings were saved.,,
09/23/2026 09:09:00 AM,security_error,Settings save rejected because the current passcode was invalid.,,
09/23/2026 09:09:14 AM,security_error,Settings save rejected because the current passcode was invalid.,,
09/23/2026 09:09:25 AM,security_error,Settings save rejected because the current passcode was invalid.,,
09/23/2026 09:10:19 AM,security_error,Settings save rejected because the current passcode was invalid.,,
09/23/2026 09:10:32 AM,security_error,Settings save rejected because the current passcode was invalid.,,
09/23/2026 09:10:37 AM,security_error,Settings save rejected because the current passcode was invalid.,,
09/23/2026 09:13:29 AM,settings_saved,System settings were saved.,,
09/23/2026 09:13:29 AM,security_error,Settings save rejected because the current passcode was invalid.,,
09/23/2026 09:13:29 AM,settings_saved,System settings were saved.,,
09/23/2026 09:14:33 AM,security_error,Settings save rejected because the current passcode was invalid.,,
09/23/2026 09:14:48 AM,security_error,Settings save rejected because the current passcode was invalid.,,
09/23/2026 09:22:12 AM,settings_error,Settings save rejected because the new passcode was invalid.,,
09/23/2026 09:22:31 AM,settings_saved,System settings were saved.,,
09/23/2026 09:48:21 AM,settings_saved,System settings were saved.,,
09/23/2026 09:48:21 AM,security_error,Settings save rejected because the current passcode was invalid.,,
09/23/2026 09:48:21 AM,security_error,Settings save rejected because the current passcode was invalid.,,
09/23/2026 09:48:22 AM,settings_saved,System settings were saved.,,
09/23/2026 09:52:01 AM,security_error,Settings save rejected because the current passcode was invalid.,,
09/23/2026 09:52:14 AM,settings_saved,System settings were saved.,,
09/23/2026 09:52:33 AM,security_error,Settings save rejected because the current passcode was invalid.,,
09/23/2026 09:52:37 AM,security_error,Settings save rejected because the current passcode was invalid.,,
09/23/2026 09:56:19 AM,settings_saved,System settings were saved.,,
09/23/2026 10:02:17 AM,security_error,Settings save rejected because the current passcode was invalid.,,
09/23/2026 10:02:31 AM,settings_error,Settings save rejected because passcode recovery fields were incomplete.,,
09/23/2026 10:02:41 AM,settings_saved,System settings were saved.,,
09/23/2026 10:02:53 AM,security_error,Settings save rejected because the current passcode was invalid.,,
09/23/2026 10:02:58 AM,security_error,Settings save rejected because the current passcode was invalid.,,
09/23/2026 10:04:21 AM,settings_saved,System settings were saved.,,
09/23/2026 10:04:21 AM,security_error,Settings save rejected because the current passcode was invalid.,,
09/23/2026 10:04:21 AM,security_error,Settings save rejected because the current passcode was invalid.,,
09/23/2026 10:04:35 AM,settings_saved,System settings were saved.,,
09/23/2026 10:04:35 AM,security_error,Settings save rejected because the current passcode was invalid.,,
09/23/2026 10:04:35 AM,settings_saved,System settings were saved.,,
09/23/2026 10:13:34 AM,settings_saved,System settings were saved.,,
09/23/2026 10:13:52 AM,security_error,Settings save rejected because the current passcode was invalid.,,
09/23/2026 10:14:05 AM,settings_saved,System settings were saved.,,
09/23/2026 10:14:11 AM,settings_saved,System settings were saved.,,
09/23/2026 10:14:19 AM,settings_saved,System settings were saved.,,
09/23/2026 10:14:26 AM,settings_saved,System settings were saved.,,
09/23/2026 10:16:36 AM,settings_saved,System settings were saved.,,
09/23/2026 10:19:21 AM,settings_saved,System settings were saved.,,
09/23/2026 10:21:28 AM,settings_saved,System settings were saved.,,
09/23/2026 10:22:44 AM,security_error,Invalid passcode while attempting to run this system command.,,
